{
  "toggle_mod": true,
  "animation_speed": 200,
  "curve_points": [
    [
      0.328125,
      0.26557854
    ],
    [
      0.6041667,
      0.7352577
    ]
  ]
}
